{
	"song": {
		"player1": "bf",
		"events": [
			[
				1764.70588235294,
				[
					[
						"NoteSpin",
						"1",
						""
					]
				]
			],
			[
				1941.17647058824,
				[
					[
						"Flash Camera",
						"1",
						""
					]
				]
			],
			[
				2029.41176470588,
				[
					[
						"Zoom",
						"1",
						"0.9"
					]
				]
			],
			[
				14117.6470588235,
				[
					[
						"Zoom",
						"0.7",
						""
					]
				]
			],
			[
				24352.9411764706,
				[
					[
						"NoteSpin",
						"1",
						""
					]
				]
			],
			[
				24529.4117647059,
				[
					[
						"Flash Camera",
						"1",
						""
					]
				]
			],
			[
				24617.6470588235,
				[
					[
						"Zoom",
						"0.9",
						""
					]
				]
			],
			[
				24705.8823529412,
				[
					[
						"Toggle Trail",
						"1",
						""
					]
				]
			],
			[
				41294.1176470588,
				[
					[
						"Zoom",
						"0.7",
						""
					]
				]
			],
			[
				41470.5882352941,
				[
					[
						"NoteSpin",
						"1",
						""
					]
				]
			],
			[
				41558.8235294117,
				[
					[
						"Flash Camera",
						"1",
						""
					]
				]
			]
		],
		"gfVersion": "gf",
		"notes": [
			{
				"sectionNotes": [
					[
						0,
						2,
						0
					],
					[
						529.411764705882,
						3,
						0
					],
					[
						794.117647058824,
						2,
						450
					],
					[
						176.470588235294,
						3,
						0
					],
					[
						352.941176470588,
						0,
						0
					]
				],
				"lengthInSteps": 16,
				"mustHitSection": false
			},
			{
				"sectionNotes": [
					[
						1411.76470588235,
						3,
						600
					],
					[
						2117.64705882353,
						0,
						0
					],
					[
						2294.11764705882,
						3,
						0
					],
					[
						2647.05882352941,
						0,
						441.176470588235
					]
				],
				"lengthInSteps": 16,
				"mustHitSection": false
			},
			{
				"sectionNotes": [
					[
						3176.47058823529,
						3,
						0
					],
					[
						3264.70588235294,
						3,
						0
					],
					[
						3529.41176470588,
						2,
						308.823529411765
					],
					[
						4058.82352941176,
						2,
						308.823529411765
					]
				],
				"lengthInSteps": 16,
				"mustHitSection": false
			},
			{
				"sectionNotes": [
					[
						4588.23529411765,
						0,
						0
					],
					[
						4676.47058823529,
						0,
						0
					],
					[
						4941.17647058824,
						1,
						308.823529411765
					],
					[
						5470.58823529412,
						1,
						308.823529411765
					]
				],
				"lengthInSteps": 16,
				"mustHitSection": false
			},
			{
				"sectionNotes": [
					[
						6000,
						0,
						0
					],
					[
						6088.23529411765,
						0,
						0
					],
					[
						6352.94117647059,
						3,
						264.705882352941
					],
					[
						6882.35294117647,
						3,
						441.176470588235
					]
				],
				"lengthInSteps": 16,
				"mustHitSection": false
			},
			{
				"sectionNotes": [
					[
						7411.76470588235,
						7,
						0
					],
					[
						7588.23529411765,
						6,
						0
					],
					[
						7764.70588235294,
						4,
						308.823529411765
					],
					[
						7764.70588235294,
						0,
						0
					],
					[
						7941.17647058824,
						3,
						0
					],
					[
						8294.11764705882,
						0,
						441.176470588235
					]
				],
				"lengthInSteps": 16,
				"mustHitSection": true
			},
			{
				"sectionNotes": [
					[
						8823.52941176471,
						3,
						0
					],
					[
						8911.76470588235,
						3,
						0
					],
					[
						9176.47058823529,
						2,
						308.823529411765
					],
					[
						9705.88235294118,
						2,
						308.823529411765
					],
					[
						8470.58823529412,
						5,
						0
					],
					[
						8911.76470588235,
						6,
						0
					],
					[
						9176.47058823529,
						4,
						352.941176470588
					]
				],
				"lengthInSteps": 16,
				"mustHitSection": true
			},
			{
				"sectionNotes": [
					[
						10235.2941176471,
						0,
						0
					],
					[
						10323.5294117647,
						0,
						0
					],
					[
						10588.2352941176,
						1,
						308.823529411765
					],
					[
						11117.6470588235,
						1,
						308.823529411765
					],
					[
						9882.35294117647,
						7,
						617.647058823529
					],
					[
						10588.2352941176,
						4,
						0
					]
				],
				"lengthInSteps": 16,
				"mustHitSection": true
			},
			{
				"sectionNotes": [
					[
						11647.0588235294,
						0,
						0
					],
					[
						11735.2941176471,
						0,
						0
					],
					[
						12000,
						3,
						264.705882352941
					],
					[
						12529.4117647059,
						3,
						441.176470588235
					],
					[
						11294.1176470588,
						7,
						0
					],
					[
						11735.2941176471,
						5,
						0
					],
					[
						12000,
						6,
						441.176470588235
					]
				],
				"lengthInSteps": 16,
				"mustHitSection": true
			},
			{
				"sectionNotes": [
					[
						13058.8235294118,
						7,
						0
					],
					[
						13235.2941176471,
						6,
						0
					],
					[
						13411.7647058824,
						4,
						308.823529411765
					],
					[
						12705.8823529412,
						3,
						617.647058823529
					],
					[
						13941.1764705882,
						0,
						0
					]
				],
				"lengthInSteps": 16,
				"mustHitSection": false
			},
			{
				"sectionNotes": [
					[
						14294.1176470588,
						2,
						0
					],
					[
						14117.6470588235,
						3,
						0
					],
					[
						14470.5882352941,
						0,
						0
					],
					[
						14647.0588235294,
						3,
						0
					],
					[
						14823.5294117647,
						2,
						176.470588235294
					],
					[
						15088.2352941176,
						0,
						0
					],
					[
						15176.4705882353,
						2,
						0
					],
					[
						15264.7058823529,
						3,
						0
					],
					[
						15441.1764705882,
						0,
						0
					]
				],
				"lengthInSteps": 16,
				"mustHitSection": false
			},
			{
				"sectionNotes": [
					[
						16764.7058823529,
						0,
						0
					]
				],
				"lengthInSteps": 16,
				"mustHitSection": false
			},
			{
				"sectionNotes": [
					[
						16941.1764705882,
						1,
						0
					],
					[
						17117.6470588235,
						3,
						0
					],
					[
						17294.1176470588,
						2,
						264.705882352941
					],
					[
						17647.0588235294,
						1,
						0
					],
					[
						17911.7647058824,
						3,
						0
					]
				],
				"lengthInSteps": 16,
				"mustHitSection": false
			},
			{
				"sectionNotes": [
					[
						18352.9411764706,
						2,
						220.588235294118
					],
					[
						18705.8823529412,
						1,
						264.705882352941
					],
					[
						19235.2941176471,
						3,
						0
					],
					[
						19411.7647058824,
						0,
						0
					],
					[
						19588.2352941176,
						1,
						0
					]
				],
				"lengthInSteps": 16,
				"mustHitSection": false
			},
			{
				"sectionNotes": [
					[
						19764.7058823529,
						2,
						88.2352941176471
					],
					[
						20029.4117647059,
						3,
						0
					],
					[
						20294.1176470588,
						0,
						264.705882352941
					],
					[
						20647.0588235294,
						0,
						0
					],
					[
						20647.0588235294,
						1,
						0
					],
					[
						20647.0588235294,
						2,
						0
					],
					[
						20647.0588235294,
						3,
						0
					],
					[
						20911.7647058824,
						0,
						0
					],
					[
						20911.7647058824,
						2,
						0
					],
					[
						20911.7647058824,
						3,
						0
					],
					[
						20911.7647058824,
						1,
						0
					]
				],
				"lengthInSteps": 16,